Marca temporal,Correo,"¿Declara que he leído, comprendido y acepto íntegramente las Bases del Concurso...?",Nombres,Apellido paterno,Apellido materno,RUN,Fecha de nacimiento,Género,Correo,Número de contacto,Residencia del emprendedor o el emprendimiento,Provincia de residencia,Comuna de residencia,¿Está participando en un programa similar de formación para emprendedores?,Tipo de emprendimiento,Seleccione la alternativa que corresponda a su caso,"Nombre del emprendimiento, negocio, idea o proyecto",Nombre empresa o razón social,RUT de la empresa,Tipo de empresa,Sector o industria,Tamaño de la empresa,Descripción de mi idea o emprendimiento,Propuesta de valor,¿Ha levantado financiamiento público o privado?,Indique qué financiamiento ha levantado,¿Cree usted que su emprendimiento es innovación?,¿Por qué cree usted que su emprendimiento es innovador?,¿Qué tipo potencial innovador tiene su emprendimiento?,Tipo de innovación,Alcance de la innovación,Indicar el sector o área económica de impacto o interés,¿Qué resultados espera lograr los próximos 3 años para su emprendimiento?,"¿Qué impacto social, económico o ambiental espera generar con su emprendimiento en la región de Ñuble?",¿Cuántas personas conforman su equipo? (Incluyéndose usted),Describa a su equipo,Ingrese el enlace donde podamos ver su video,Contraseña (OPCIONAL)
2026/07/02 10:07:00,postulante1@ejemplo.cl,Sí,Javiera,López,Muñoz,10000137-1,1991-02-11,Femenino,postulante1@ejemplo.cl,+56 9 10000991,Mi emprendimiento y mi residencia son en Ñuble,Punilla,San Nicolás,"No, es el único programa al que he postulado",Idea,"Mi proyecto es solo una idea, me gustaría concretarlo",Turismo Sur,,,,Turismo,Micro,"Emprendimiento de turismo enfocado en la región de Ñuble, con foco en San Nicolás.",Solución diferenciada en turismo que resuelve un problema local concreto.,Sí,Capital Semilla CORFO,Sí,Porque incorpora un proceso o modelo distinto al existente en la región.,Incremental,Proceso,Internacional,Turismo,Duplicar ventas cada 3 años y expandirse a nuevas comunas de la región.,Generación de empleo local y dinamización económica regional.,1,"Javiera López (fundador/a), a cargo de la estrategia y desarrollo del proyecto.",https://youtu.be/ejemplo1,
2026/07/03 11:14:00,postulante2@ejemplo.cl,Sí,Matías,Espinoza,Díaz,10000274-2,1992-03-12,Masculino,postulante2@ejemplo.cl,+56 9 10001982,Mi emprendimiento y mi residencia son en Ñuble,Punilla,San Nicolás,"No, es el único programa al que he postulado",Formalizado,Mi emprendimiento está formalizado ante el SII hace menos de 12 meses y no ha generado ventas,Agroindustria Andes,Agroindustria Andes,76000026-2,Sociedad de Responsabilidad Limitada (Ltda),Agroindustria,Micro,"Emprendimiento de agroindustria enfocado en la región de Ñuble, con foco en San Nicolás.",Solución diferenciada en agroindustria que resuelve un problema local concreto.,No,,Sí,Porque incorpora un proceso o modelo distinto al existente en la región.,Incremental,Servicio,Regional,Agroindustria,Duplicar ventas cada 3 años y expandirse a nuevas comunas de la región.,Generación de empleo local y dinamización económica regional.,1,"Matías Espinoza (fundador/a), a cargo de la estrategia y desarrollo del proyecto.",https://youtu.be/ejemplo2,
2026/07/04 12:21:00,postulante3@ejemplo.cl,Sí,Daniela,Sepúlveda,Flores,10000411-3,1993-04-13,Femenino,postulante3@ejemplo.cl,+56 9 10002973,Mi emprendimiento y mi residencia son en Ñuble,Itata,Coelemu,"No, es el único programa al que he postulado",Idea,"Mi proyecto es solo una idea, me gustaría concretarlo",Turismo Norte,,,,Turismo,Micro,"Emprendimiento de turismo enfocado en la región de Ñuble, con foco en Coelemu.",Solución diferenciada en turismo que resuelve un problema local concreto.,Sí,Capital Semilla CORFO,Sí,Porque incorpora un proceso o modelo distinto al existente en la región.,Incremental,Proceso,Regional,Turismo,Duplicar ventas cada 3 años y expandirse a nuevas comunas de la región.,Generación de empleo local y dinamización económica regional.,2,"Daniela Sepúlveda (fundador/a), a cargo de la estrategia y desarrollo del proyecto.",https://youtu.be/ejemplo3,
2026/07/05 13:28:00,postulante4@ejemplo.cl,Sí,Ignacio,Morales,Hernández,10000548-4,1994-05-14,Masculino,postulante4@ejemplo.cl,+56 9 10003964,Mi emprendimiento y mi residencia son en Ñuble,Itata,Portezuelo,"No, es el único programa al que he postulado",Idea,"Mi proyecto es solo una idea, me gustaría concretarlo",Turismo Norte,,,,Turismo,Micro,"Emprendimiento de turismo enfocado en la región de Ñuble, con foco en Portezuelo.",Solución diferenciada en turismo que resuelve un problema local concreto.,No,,Sí,Porque incorpora un proceso o modelo distinto al existente en la región.,Disruptiva,Servicio,Regional,Turismo,Duplicar ventas cada 3 años y expandirse a nuevas comunas de la región.,Generación de empleo local y dinamización económica regional.,2,"Ignacio Morales (fundador/a), a cargo de la estrategia y desarrollo del proyecto.",https://youtu.be/ejemplo4,
2026/07/06 14:35:00,postulante5@ejemplo.cl,Sí,Felipe,Valenzuela,Rojas,10000685-5,1995-06-15,Masculino,postulante5@ejemplo.cl,+56 9 10004955,Mi emprendimiento y mi residencia son en Ñuble,Punilla,San Nicolás,"No, es el único programa al que he postulado",Idea,"Mi proyecto es solo una idea, me gustaría concretarlo",Agroindustria Sur,,,,Agroindustria,Micro,"Emprendimiento de agroindustria enfocado en la región de Ñuble, con foco en San Nicolás.",Solución diferenciada en agroindustria que resuelve un problema local concreto.,No,,Sí,Porque incorpora un proceso o modelo distinto al existente en la región.,Marginal,Modelo de negocio,Regional,Agroindustria,Duplicar ventas cada 3 años y expandirse a nuevas comunas de la región.,Generación de empleo local y dinamización económica regional.,2,"Felipe Valenzuela (fundador/a), a cargo de la estrategia y desarrollo del proyecto.",https://youtu.be/ejemplo5,
2026/07/07 15:42:00,postulante6@ejemplo.cl,Sí,Pablo,Torres,Espinoza,10000822-6,1996-07-16,Masculino,postulante6@ejemplo.cl,+56 9 10005946,Mi emprendimiento y mi residencia son en Ñuble,Diguillín,Chillán,"No, es el único programa al que he postulado",Formalizado,Mi emprendimiento está formalizado ante el SII hace menos de 12 meses y no ha generado ventas,Agroindustria Bio,Agroindustria Bio,76000078-6,Sociedad por Acciones (SpA),Agroindustria,Micro,"Emprendimiento de agroindustria enfocado en la región de Ñuble, con foco en Chillán.",Solución diferenciada en agroindustria que resuelve un problema local concreto.,No,,Sí,Porque incorpora un proceso o modelo distinto al existente en la región.,Marginal,Servicio,Nacional,Agroindustria,Duplicar ventas cada 3 años y expandirse a nuevas comunas de la región.,Generación de empleo local y dinamización económica regional.,2,"Pablo Torres (fundador/a), a cargo de la estrategia y desarrollo del proyecto.",https://youtu.be/ejemplo6,
2026/07/08 16:49:00,postulante7@ejemplo.cl,Sí,Tomás,González,Hernández,10000959-7,1997-08-17,Masculino,postulante7@ejemplo.cl,+56 9 10006937,Mi emprendimiento y mi residencia son en Ñuble,Diguillín,Chillán Viejo,"No, es el único programa al que he postulado",Formalizado,Mi emprendimiento está formalizado ante el SII hace menos de 12 meses y no ha generado ventas,Alimentos Lab,Alimentos Lab,76000091-7,Sociedad de Responsabilidad Limitada (Ltda),Alimentos,Micro,"Emprendimiento de alimentos enfocado en la región de Ñuble, con foco en Chillán Viejo.",Solución diferenciada en alimentos que resuelve un problema local concreto.,Sí,Capital Semilla CORFO,Sí,Porque incorpora un proceso o modelo distinto al existente en la región.,Incremental,Producto,Regional,Alimentos,Duplicar ventas cada 3 años y expandirse a nuevas comunas de la región.,Generación de empleo local y dinamización económica regional.,1,"Tomás González (fundador/a), a cargo de la estrategia y desarrollo del proyecto.",https://youtu.be/ejemplo7,
2026/07/09 9:56:00,postulante8@ejemplo.cl,Sí,Carla,Martínez,Pérez,10001096-8,1998-09-18,Femenino,postulante8@ejemplo.cl,+56 9 10007928,Mi emprendimiento y mi residencia son en Ñuble,Diguillín,Yungay,"No, es el único programa al que he postulado",Idea,"Mi proyecto es solo una idea, me gustaría concretarlo",AlimentosÑuble Andes,,,,Alimentos,Micro,"Emprendimiento de alimentos enfocado en la región de Ñuble, con foco en Yungay.",Solución diferenciada en alimentos que resuelve un problema local concreto.,No,,Sí,Porque incorpora un proceso o modelo distinto al existente en la región.,Incremental,Proceso,Regional,Alimentos,Duplicar ventas cada 3 años y expandirse a nuevas comunas de la región.,Generación de empleo local y dinamización económica regional.,1,"Carla Martínez (fundador/a), a cargo de la estrategia y desarrollo del proyecto.",https://youtu.be/ejemplo8,
2026/07/10 10:03:00,postulante9@ejemplo.cl,Sí,Matías,Torres,Espinoza,10001233-9,1990-01-10,Masculino,postulante9@ejemplo.cl,+56 9 10008919,Mi emprendimiento y mi residencia son en Ñuble,Punilla,Ñiquén,"No, es el único programa al que he postulado",Idea,"Mi proyecto es solo una idea, me gustaría concretarlo",Salud Plus,,,,Salud,Micro,"Emprendimiento de salud enfocado en la región de Ñuble, con foco en Ñiquén.",Solución diferenciada en salud que resuelve un problema local concreto.,No,,Sí,Porque incorpora un proceso o modelo distinto al existente en la región.,Disruptiva,Producto,Nacional,Salud,Duplicar ventas cada 3 años y expandirse a nuevas comunas de la región.,Generación de empleo local y dinamización económica regional.,2,"Matías Torres (fundador/a), a cargo de la estrategia y desarrollo del proyecto.",https://youtu.be/ejemplo9,
2026/07/11 11:10:00,postulante10@ejemplo.cl,Sí,Andrés,López,López,10001370-0,1991-02-11,Masculino,postulante10@ejemplo.cl,+56 9 10009910,Mi emprendimiento y mi residencia son en Ñuble,Diguillín,Quillón,"No, es el único programa al que he postulado",Idea,"Mi proyecto es solo una idea, me gustaría concretarlo",Alimentos Sur,,,,Alimentos,Micro,"Emprendimiento de alimentos enfocado en la región de Ñuble, con foco en Quillón.",Solución diferenciada en alimentos que resuelve un problema local concreto.,Sí,Capital Semilla CORFO,Sí,Porque incorpora un proceso o modelo distinto al existente en la región.,Incremental,Modelo de negocio,Regional,Alimentos,Duplicar ventas cada 3 años y expandirse a nuevas comunas de la región.,Generación de empleo local y dinamización económica regional.,3,"Andrés López (fundador/a), a cargo de la estrategia y desarrollo del proyecto.",https://youtu.be/ejemplo10,
2026/07/12 12:17:00,postulante11@ejemplo.cl,Sí,María,Espinoza,Pérez,10001507-1,1992-03-12,Femenino,postulante11@ejemplo.cl,+56 9 10010901,Mi emprendimiento y mi residencia son en Ñuble,Itata,Cobquecura,"No, es el único programa al que he postulado",Formalizado,Mi emprendimiento está formalizado ante el SII hace menos de 12 meses y no ha generado ventas,ServiciosÑuble Bio,ServiciosÑuble Bio,76000143-1,Sociedad de Responsabilidad Limitada (Ltda),Servicios,Micro,"Emprendimiento de servicios enfocado en la región de Ñuble, con foco en Cobquecura.",Solución diferenciada en servicios que resuelve un problema local concreto.,Sí,Capital Semilla CORFO,Sí,Porque incorpora un proceso o modelo distinto al existente en la región.,Incremental,Modelo de negocio,Regional,Servicios,Duplicar ventas cada 3 años y expandirse a nuevas comunas de la región.,Generación de empleo local y dinamización económica regional.,2,"María Espinoza (fundador/a), a cargo de la estrategia y desarrollo del proyecto.",https://youtu.be/ejemplo11,
2026/07/13 13:24:00,postulante12@ejemplo.cl,Sí,Paula,Hernández,Torres,10001644-2,1993-04-13,Femenino,postulante12@ejemplo.cl,+56 9 10011892,Mi emprendimiento y mi residencia son en Ñuble,Diguillín,Pemuco,"No, es el único programa al que he postulado",Idea,"Mi proyecto es solo una idea, me gustaría concretarlo",Tecnología Andes,,,,Tecnología,Micro,"Emprendimiento de tecnología enfocado en la región de Ñuble, con foco en Pemuco.",Solución diferenciada en tecnología que resuelve un problema local concreto.,Sí,Capital Semilla CORFO,Sí,Porque incorpora un proceso o modelo distinto al existente en la región.,Disruptiva,Modelo de negocio,Regional,Tecnología,Duplicar ventas cada 3 años y expandirse a nuevas comunas de la región.,Generación de empleo local y dinamización económica regional.,1,"Paula Hernández (fundador/a), a cargo de la estrategia y desarrollo del proyecto.",https://youtu.be/ejemplo12,
2026/07/14 14:31:00,postulante13@ejemplo.cl,Sí,Matías,Araya,Sepúlveda,10001781-3,1994-05-14,Masculino,postulante13@ejemplo.cl,+56 9 10012883,Mi emprendimiento y mi residencia son en Ñuble,Itata,Trehuaco,"No, es el único programa al que he postulado",Idea,"Mi proyecto es solo una idea, me gustaría concretarlo",Salud Norte,,,,Salud,Micro,"Emprendimiento de salud enfocado en la región de Ñuble, con foco en Trehuaco.",Solución diferenciada en salud que resuelve un problema local concreto.,No,,Sí,Porque incorpora un proceso o modelo distinto al existente en la región.,Marginal,Modelo de negocio,Nacional,Salud,Duplicar ventas cada 3 años y expandirse a nuevas comunas de la región.,Generación de empleo local y dinamización económica regional.,1,"Matías Araya (fundador/a), a cargo de la estrategia y desarrollo del proyecto.",https://youtu.be/ejemplo13,
2026/07/15 15:38:00,postulante14@ejemplo.cl,Sí,Cristóbal,Silva,López,10001918-4,1995-06-15,Masculino,postulante14@ejemplo.cl,+56 9 10013874,Mi emprendimiento y mi residencia son en Ñuble,Itata,Trehuaco,"No, es el único programa al que he postulado",Idea,"Mi proyecto es solo una idea, me gustaría concretarlo",Agroindustria 活,,,,Agroindustria,Micro,"Emprendimiento de agroindustria enfocado en la región de Ñuble, con foco en Trehuaco.",Solución diferenciada en agroindustria que resuelve un problema local concreto.,Sí,Capital Semilla CORFO,Sí,Porque incorpora un proceso o modelo distinto al existente en la región.,Incremental,Modelo de negocio,Regional,Agroindustria,Duplicar ventas cada 3 años y expandirse a nuevas comunas de la región.,Generación de empleo local y dinamización económica regional.,1,"Cristóbal Silva (fundador/a), a cargo de la estrategia y desarrollo del proyecto.",https://youtu.be/ejemplo14,
2026/07/16 16:45:00,postulante15@ejemplo.cl,Sí,Tomás,Hernández,Rodríguez,10002055-5,1996-07-16,Masculino,postulante15@ejemplo.cl,+56 9 10014865,Mi emprendimiento y mi residencia son en Ñuble,Diguillín,Chillán,"No, es el único programa al que he postulado",Idea,"Mi proyecto es solo una idea, me gustaría concretarlo",Comercio Norte,,,,Comercio,Micro,"Emprendimiento de comercio enfocado en la región de Ñuble, con foco en Chillán.",Solución diferenciada en comercio que resuelve un problema local concreto.,Sí,Capital Semilla CORFO,Sí,Porque incorpora un proceso o modelo distinto al existente en la región.,Disruptiva,Producto,Regional,Comercio,Duplicar ventas cada 3 años y expandirse a nuevas comunas de la región.,Generación de empleo local y dinamización económica regional.,2,"Tomás Hernández (fundador/a), a cargo de la estrategia y desarrollo del proyecto.",https://youtu.be/ejemplo15,
2026/07/17 9:52:00,postulante16@ejemplo.cl,Sí,Tomás,Rojas,Díaz,10002192-6,1997-08-17,Masculino,postulante16@ejemplo.cl,+56 9 10015856,Mi emprendimiento y mi residencia son en Ñuble,Diguillín,El Carmen,"No, es el único programa al que he postulado",Idea,"Mi proyecto es solo una idea, me gustaría concretarlo",Servicios Plus,,,,Servicios,Micro,"Emprendimiento de servicios enfocado en la región de Ñuble, con foco en El Carmen.",Solución diferenciada en servicios que resuelve un problema local concreto.,No,,Sí,Porque incorpora un proceso o modelo distinto al existente en la región.,Disruptiva,Producto,Nacional,Servicios,Duplicar ventas cada 3 años y expandirse a nuevas comunas de la región.,Generación de empleo local y dinamización económica regional.,1,"Tomás Rojas (fundador/a), a cargo de la estrategia y desarrollo del proyecto.",https://youtu.be/ejemplo16,
2026/07/18 10:59:00,postulante17@ejemplo.cl,Sí,Javiera,González,Pérez,10002329-7,1998-09-18,Femenino,postulante17@ejemplo.cl,+56 9 10016847,Mi emprendimiento y mi residencia son en Ñuble,Itata,Portezuelo,"No, es el único programa al que he postulado",Formalizado,Mi emprendimiento está formalizado ante el SII hace menos de 12 meses y no ha generado ventas,SaludÑuble Norte,SaludÑuble Norte,76000221-7,Empresa Individual de Responsabilidad Limitada (EIRL),Salud,Micro,"Emprendimiento de salud enfocado en la región de Ñuble, con foco en Portezuelo.",Solución diferenciada en salud que resuelve un problema local concreto.,No,,Sí,Porque incorpora un proceso o modelo distinto al existente en la región.,Disruptiva,Producto,Internacional,Salud,Duplicar ventas cada 3 años y expandirse a nuevas comunas de la región.,Generación de empleo local y dinamización económica regional.,1,"Javiera González (fundador/a), a cargo de la estrategia y desarrollo del proyecto.",https://youtu.be/ejemplo17,
2026/07/19 11:06:00,postulante18@ejemplo.cl,Sí,Sebastián,Araya,Pérez,10002466-8,1990-01-10,Masculino,postulante18@ejemplo.cl,+56 9 10017838,Mi emprendimiento y mi residencia son en Ñuble,Diguillín,El Carmen,"No, es el único programa al que he postulado",Formalizado,Mi emprendimiento está formalizado ante el SII hace menos de 12 meses y no ha generado ventas,Alimentos Bio,Alimentos Bio,76000234-8,Sociedad de Responsabilidad Limitada (Ltda),Alimentos,Micro,"Emprendimiento de alimentos enfocado en la región de Ñuble, con foco en El Carmen.",Solución diferenciada en alimentos que resuelve un problema local concreto.,Sí,Capital Semilla CORFO,Sí,Porque incorpora un proceso o modelo distinto al existente en la región.,Disruptiva,Servicio,Regional,Alimentos,Duplicar ventas cada 3 años y expandirse a nuevas comunas de la región.,Generación de empleo local y dinamización económica regional.,1,"Sebastián Araya (fundador/a), a cargo de la estrategia y desarrollo del proyecto.",https://youtu.be/ejemplo18,
2026/07/20 12:13:00,postulante19@ejemplo.cl,Sí,Antonia,Hernández,Espinoza,10002603-9,1991-02-11,Femenino,postulante19@ejemplo.cl,+56 9 10018829,Mi emprendimiento y mi residencia son en Ñuble,Itata,Portezuelo,"No, es el único programa al que he postulado",Formalizado,Mi emprendimiento está formalizado ante el SII hace menos de 12 meses y no ha generado ventas,EnergíaÑuble 活,EnergíaÑuble 活,76000247-9,Empresa Individual de Responsabilidad Limitada (EIRL),Energía,Micro,"Emprendimiento de energía enfocado en la región de Ñuble, con foco en Portezuelo.",Solución diferenciada en energía que resuelve un problema local concreto.,Sí,Capital Semilla CORFO,Sí,Porque incorpora un proceso o modelo distinto al existente en la región.,Marginal,Producto,Regional,Energía,Duplicar ventas cada 3 años y expandirse a nuevas comunas de la región.,Generación de empleo local y dinamización económica regional.,1,"Antonia Hernández (fundador/a), a cargo de la estrategia y desarrollo del proyecto.",https://youtu.be/ejemplo19,
2026/07/21 13:20:00,postulante20@ejemplo.cl,Sí,Paula,Valenzuela,Díaz,10002740-0,1992-03-12,Femenino,postulante20@ejemplo.cl,+56 9 10019820,Mi emprendimiento y mi residencia son en Ñuble,Itata,Cobquecura,"No, es el único programa al que he postulado",Idea,"Mi proyecto es solo una idea, me gustaría concretarlo",Turismo Sur,,,,Turismo,Micro,"Emprendimiento de turismo enfocado en la región de Ñuble, con foco en Cobquecura.",Solución diferenciada en turismo que resuelve un problema local concreto.,No,,Sí,Porque incorpora un proceso o modelo distinto al existente en la región.,Incremental,Proceso,Nacional,Turismo,Duplicar ventas cada 3 años y expandirse a nuevas comunas de la región.,Generación de empleo local y dinamización económica regional.,1,"Paula Valenzuela (fundador/a), a cargo de la estrategia y desarrollo del proyecto.",https://youtu.be/ejemplo20,
2026/07/22 14:27:00,postulante21@ejemplo.cl,Sí,Camila,Araya,Hernández,10002877-1,1993-04-13,Femenino,postulante21@ejemplo.cl,+56 9 10020811,Mi emprendimiento y mi residencia son en Ñuble,Itata,Cobquecura,"No, es el único programa al que he postulado",Formalizado,Mi emprendimiento está formalizado ante el SII hace menos de 12 meses y no ha generado ventas,Energía Andes,Energía Andes,76000273-1,Sociedad por Acciones (SpA),Energía,Micro,"Emprendimiento de energía enfocado en la región de Ñuble, con foco en Cobquecura.",Solución diferenciada en energía que resuelve un problema local concreto.,No,,Sí,Porque incorpora un proceso o modelo distinto al existente en la región.,Marginal,Modelo de negocio,Nacional,Energía,Duplicar ventas cada 3 años y expandirse a nuevas comunas de la región.,Generación de empleo local y dinamización económica regional.,2,"Camila Araya (fundador/a), a cargo de la estrategia y desarrollo del proyecto.",https://youtu.be/ejemplo21,
2026/07/23 15:34:00,postulante22@ejemplo.cl,Sí,Paula,Araya,Silva,10003014-2,1994-05-14,Femenino,postulante22@ejemplo.cl,+56 9 10021802,Mi emprendimiento y mi residencia son en Ñuble,Itata,Quirihue,"No, es el único programa al que he postulado",Formalizado,Mi emprendimiento está formalizado ante el SII hace menos de 12 meses y no ha generado ventas,Alimentos Andes,Alimentos Andes,76000286-2,Sociedad de Responsabilidad Limitada (Ltda),Alimentos,Micro,"Emprendimiento de alimentos enfocado en la región de Ñuble, con foco en Quirihue.",Solución diferenciada en alimentos que resuelve un problema local concreto.,No,,Sí,Porque incorpora un proceso o modelo distinto al existente en la región.,Marginal,Producto,Regional,Alimentos,Duplicar ventas cada 3 años y expandirse a nuevas comunas de la región.,Generación de empleo local y dinamización económica regional.,2,"Paula Araya (fundador/a), a cargo de la estrategia y desarrollo del proyecto.",https://youtu.be/ejemplo22,
2026/07/24 16:41:00,postulante23@ejemplo.cl,Sí,Camila,Silva,Fuentes,10003151-3,1995-06-15,Femenino,postulante23@ejemplo.cl,+56 9 10022793,Mi emprendimiento y mi residencia son en Ñuble,Punilla,San Fabián,"No, es el único programa al que he postulado",Formalizado,Mi emprendimiento está formalizado ante el SII hace menos de 12 meses y no ha generado ventas,SaludÑuble Andes,SaludÑuble Andes,76000299-3,Sociedad de Responsabilidad Limitada (Ltda),Salud,Micro,"Emprendimiento de salud enfocado en la región de Ñuble, con foco en San Fabián.",Solución diferenciada en salud que resuelve un problema local concreto.,Sí,Capital Semilla CORFO,Sí,Porque incorpora un proceso o modelo distinto al existente en la región.,Marginal,Proceso,Internacional,Salud,Duplicar ventas cada 3 años y expandirse a nuevas comunas de la región.,Generación de empleo local y dinamización económica regional.,1,"Camila Silva (fundador/a), a cargo de la estrategia y desarrollo del proyecto.",https://youtu.be/ejemplo23,
2026/07/25 9:48:00,postulante24@ejemplo.cl,Sí,Paula,Soto,Silva,10003288-4,1996-07-16,Femenino,postulante24@ejemplo.cl,+56 9 10023784,Mi emprendimiento y mi residencia son en Ñuble,Punilla,San Carlos,"No, es el único programa al que he postulado",Formalizado,Mi emprendimiento está formalizado ante el SII hace menos de 12 meses y no ha generado ventas,Turismo Sur,Turismo Sur,76000312-4,Sociedad de Responsabilidad Limitada (Ltda),Turismo,Micro,"Emprendimiento de turismo enfocado en la región de Ñuble, con foco en San Carlos.",Solución diferenciada en turismo que resuelve un problema local concreto.,No,,Sí,Porque incorpora un proceso o modelo distinto al existente en la región.,Incremental,Servicio,Nacional,Turismo,Duplicar ventas cada 3 años y expandirse a nuevas comunas de la región.,Generación de empleo local y dinamización económica regional.,2,"Paula Soto (fundador/a), a cargo de la estrategia y desarrollo del proyecto.",https://youtu.be/ejemplo24,
2026/07/26 10:55:00,postulante25@ejemplo.cl,Sí,Ignacio,Morales,Araya,10003425-5,1997-08-17,Masculino,postulante25@ejemplo.cl,+56 9 10024775,Mi emprendimiento y mi residencia son en Ñuble,Itata,Ninhue,"No, es el único programa al que he postulado",Idea,"Mi proyecto es solo una idea, me gustaría concretarlo",TurismoÑuble Bio,,,,Turismo,Micro,"Emprendimiento de turismo enfocado en la región de Ñuble, con foco en Ninhue.",Solución diferenciada en turismo que resuelve un problema local concreto.,No,,Sí,Porque incorpora un proceso o modelo distinto al existente en la región.,Disruptiva,Producto,Internacional,Turismo,Duplicar ventas cada 3 años y expandirse a nuevas comunas de la región.,Generación de empleo local y dinamización económica regional.,1,"Ignacio Morales (fundador/a), a cargo de la estrategia y desarrollo del proyecto.",https://youtu.be/ejemplo25,
2026/07/27 11:02:00,postulante26@ejemplo.cl,Sí,Javiera,Fuentes,Martínez,10003562-6,1998-09-18,Femenino,postulante26@ejemplo.cl,+56 9 10025766,Mi emprendimiento y mi residencia son en Ñuble,Diguillín,Chillán Viejo,"No, es el único programa al que he postulado",Idea,"Mi proyecto es solo una idea, me gustaría concretarlo",EducaciónÑuble Plus,,,,Educación,Micro,"Emprendimiento de educación enfocado en la región de Ñuble, con foco en Chillán Viejo.",Solución diferenciada en educación que resuelve un problema local concreto.,No,,Sí,Porque incorpora un proceso o modelo distinto al existente en la región.,Incremental,Proceso,Nacional,Educación,Duplicar ventas cada 3 años y expandirse a nuevas comunas de la región.,Generación de empleo local y dinamización económica regional.,2,"Javiera Fuentes (fundador/a), a cargo de la estrategia y desarrollo del proyecto.",https://youtu.be/ejemplo26,
2026/07/28 12:09:00,postulante27@ejemplo.cl,Sí,Felipe,González,Rojas,10003699-7,1990-01-10,Masculino,postulante27@ejemplo.cl,+56 9 10026757,Mi emprendimiento y mi residencia son en Ñuble,Diguillín,Chillán,"No, es el único programa al que he postulado",Formalizado,Mi emprendimiento está formalizado ante el SII hace menos de 12 meses y no ha generado ventas,Agroindustria Norte,Agroindustria Norte,76000351-7,Sociedad de Responsabilidad Limitada (Ltda),Agroindustria,Micro,"Emprendimiento de agroindustria enfocado en la región de Ñuble, con foco en Chillán.",Solución diferenciada en agroindustria que resuelve un problema local concreto.,Sí,Capital Semilla CORFO,Sí,Porque incorpora un proceso o modelo distinto al existente en la región.,Disruptiva,Modelo de negocio,Regional,Agroindustria,Duplicar ventas cada 3 años y expandirse a nuevas comunas de la región.,Generación de empleo local y dinamización económica regional.,3,"Felipe González (fundador/a), a cargo de la estrategia y desarrollo del proyecto.",https://youtu.be/ejemplo27,
2026/07/01 13:16:00,postulante28@ejemplo.cl,Sí,Carla,Silva,Díaz,10003836-8,1991-02-11,Femenino,postulante28@ejemplo.cl,+56 9 10027748,Mi emprendimiento y mi residencia son en Ñuble,Punilla,Ñiquén,"No, es el único programa al que he postulado",Idea,"Mi proyecto es solo una idea, me gustaría concretarlo",AlimentosÑuble Norte,,,,Alimentos,Micro,"Emprendimiento de alimentos enfocado en la región de Ñuble, con foco en Ñiquén.",Solución diferenciada en alimentos que resuelve un problema local concreto.,No,,Sí,Porque incorpora un proceso o modelo distinto al existente en la región.,Disruptiva,Proceso,Regional,Alimentos,Duplicar ventas cada 3 años y expandirse a nuevas comunas de la región.,Generación de empleo local y dinamización económica regional.,2,"Carla Silva (fundador/a), a cargo de la estrategia y desarrollo del proyecto.",https://youtu.be/ejemplo28,
2026/07/02 14:23:00,postulante29@ejemplo.cl,Sí,María,Martínez,Muñoz,10003973-9,1992-03-12,Femenino,postulante29@ejemplo.cl,+56 9 10028739,Mi emprendimiento y mi residencia son en Ñuble,Punilla,Coihueco,"No, es el único programa al que he postulado",Formalizado,Mi emprendimiento está formalizado ante el SII hace menos de 12 meses y no ha generado ventas,ManufacturaÑuble Lab,ManufacturaÑuble Lab,76000377-9,Sociedad por Acciones (SpA),Manufactura,Micro,"Emprendimiento de manufactura enfocado en la región de Ñuble, con foco en Coihueco.",Solución diferenciada en manufactura que resuelve un problema local concreto.,No,,Sí,Porque incorpora un proceso o modelo distinto al existente en la región.,Incremental,Servicio,Regional,Manufactura,Duplicar ventas cada 3 años y expandirse a nuevas comunas de la región.,Generación de empleo local y dinamización económica regional.,2,"María Martínez (fundador/a), a cargo de la estrategia y desarrollo del proyecto.",https://youtu.be/ejemplo29,
2026/07/03 15:30:00,postulante30@ejemplo.cl,Sí,Valentina,Araya,Sepúlveda,10004110-0,1993-04-13,Femenino,postulante30@ejemplo.cl,+56 9 10029730,Mi emprendimiento y mi residencia son en Ñuble,Itata,Coelemu,"No, es el único programa al que he postulado",Formalizado,Mi emprendimiento está formalizado ante el SII hace menos de 12 meses y no ha generado ventas,Tecnología Bio,Tecnología Bio,76000390-0,Empresa Individual de Responsabilidad Limitada (EIRL),Tecnología,Micro,"Emprendimiento de tecnología enfocado en la región de Ñuble, con foco en Coelemu.",Solución diferenciada en tecnología que resuelve un problema local concreto.,No,,Sí,Porque incorpora un proceso o modelo distinto al existente en la región.,Incremental,Proceso,Internacional,Tecnología,Duplicar ventas cada 3 años y expandirse a nuevas comunas de la región.,Generación de empleo local y dinamización económica regional.,1,"Valentina Araya (fundador/a), a cargo de la estrategia y desarrollo del proyecto.",https://youtu.be/ejemplo30,
2026/07/04 16:37:00,postulante31@ejemplo.cl,Sí,Constanza,Fuentes,Soto,10004247-1,1994-05-14,Femenino,postulante31@ejemplo.cl,+56 9 10030721,Mi emprendimiento y mi residencia son en Ñuble,Punilla,Coihueco,"No, es el único programa al que he postulado",Formalizado,Mi emprendimiento está formalizado ante el SII hace menos de 12 meses y no ha generado ventas,ComercioÑuble Bio,ComercioÑuble Bio,76000403-1,Empresa Individual de Responsabilidad Limitada (EIRL),Comercio,Micro,"Emprendimiento de comercio enfocado en la región de Ñuble, con foco en Coihueco.",Solución diferenciada en comercio que resuelve un problema local concreto.,No,,Sí,Porque incorpora un proceso o modelo distinto al existente en la región.,Incremental,Servicio,Nacional,Comercio,Duplicar ventas cada 3 años y expandirse a nuevas comunas de la región.,Generación de empleo local y dinamización económica regional.,1,"Constanza Fuentes (fundador/a), a cargo de la estrategia y desarrollo del proyecto.",https://youtu.be/ejemplo31,
2026/07/05 9:44:00,postulante32@ejemplo.cl,Sí,Paula,González,Martínez,10004384-2,1995-06-15,Femenino,postulante32@ejemplo.cl,+56 9 10031712,Mi emprendimiento y mi residencia son en Ñuble,Diguillín,Pinto,"No, es el único programa al que he postulado",Formalizado,Mi emprendimiento está formalizado ante el SII hace menos de 12 meses y no ha generado ventas,EducaciónÑuble Andes,EducaciónÑuble Andes,76000416-2,Empresa Individual de Responsabilidad Limitada (EIRL),Educación,Micro,"Emprendimiento de educación enfocado en la región de Ñuble, con foco en Pinto.",Solución diferenciada en educación que resuelve un problema local concreto.,No,,Sí,Porque incorpora un proceso o modelo distinto al existente en la región.,Incremental,Modelo de negocio,Regional,Educación,Duplicar ventas cada 3 años y expandirse a nuevas comunas de la región.,Generación de empleo local y dinamización económica regional.,2,"Paula González (fundador/a), a cargo de la estrategia y desarrollo del proyecto.",https://youtu.be/ejemplo32,
2026/07/06 10:51:00,postulante33@ejemplo.cl,Sí,Constanza,Araya,Contreras,10004521-3,1996-07-16,Femenino,postulante33@ejemplo.cl,+56 9 10032703,Mi emprendimiento y mi residencia son en Ñuble,Punilla,San Nicolás,"No, es el único programa al que he postulado",Formalizado,Mi emprendimiento está formalizado ante el SII hace menos de 12 meses y no ha generado ventas,ComercioÑuble Sur,ComercioÑuble Sur,76000429-3,Sociedad de Responsabilidad Limitada (Ltda),Comercio,Micro,"Emprendimiento de comercio enfocado en la región de Ñuble, con foco en San Nicolás.",Solución diferenciada en comercio que resuelve un problema local concreto.,Sí,Capital Semilla CORFO,Sí,Porque incorpora un proceso o modelo distinto al existente en la región.,Disruptiva,Modelo de negocio,Internacional,Comercio,Duplicar ventas cada 3 años y expandirse a nuevas comunas de la región.,Generación de empleo local y dinamización económica regional.,1,"Constanza Araya (fundador/a), a cargo de la estrategia y desarrollo del proyecto.",https://youtu.be/ejemplo33,
2026/07/07 11:58:00,postulante34@ejemplo.cl,Sí,Carla,Pérez,Valenzuela,10004658-4,1997-08-17,Femenino,postulante34@ejemplo.cl,+56 9 10033694,Mi emprendimiento y mi residencia son en Ñuble,Diguillín,Pinto,"No, es el único programa al que he postulado",Formalizado,Mi emprendimiento está formalizado ante el SII hace menos de 12 meses y no ha generado ventas,TecnologíaÑuble Lab,TecnologíaÑuble Lab,76000442-4,Sociedad por Acciones (SpA),Tecnología,Micro,"Emprendimiento de tecnología enfocado en la región de Ñuble, con foco en Pinto.",Solución diferenciada en tecnología que resuelve un problema local concreto.,No,,Sí,Porque incorpora un proceso o modelo distinto al existente en la región.,Incremental,Servicio,Regional,Tecnología,Duplicar ventas cada 3 años y expandirse a nuevas comunas de la región.,Generación de empleo local y dinamización económica regional.,3,"Carla Pérez (fundador/a), a cargo de la estrategia y desarrollo del proyecto.",https://youtu.be/ejemplo34,
2026/07/08 12:05:00,postulante35@ejemplo.cl,Sí,Carla,Araya,Espinoza,10004795-5,1998-09-18,Femenino,postulante35@ejemplo.cl,+56 9 10034685,Mi emprendimiento y mi residencia son en Ñuble,Punilla,San Nicolás,"No, es el único programa al que he postulado",Formalizado,Mi emprendimiento está formalizado ante el SII hace menos de 12 meses y no ha generado ventas,TurismoÑuble Andes,TurismoÑuble Andes,76000455-5,Sociedad por Acciones (SpA),Turismo,Micro,"Emprendimiento de turismo enfocado en la región de Ñuble, con foco en San Nicolás.",Solución diferenciada en turismo que resuelve un problema local concreto.,No,,Sí,Porque incorpora un proceso o modelo distinto al existente en la región.,Incremental,Modelo de negocio,Internacional,Turismo,Duplicar ventas cada 3 años y expandirse a nuevas comunas de la región.,Generación de empleo local y dinamización económica regional.,1,"Carla Araya (fundador/a), a cargo de la estrategia y desarrollo del proyecto.",https://youtu.be/ejemplo35,
2026/07/09 13:12:00,postulante36@ejemplo.cl,Sí,Paula,Flores,Muñoz,10004932-6,1990-01-10,Femenino,postulante36@ejemplo.cl,+56 9 10035676,Mi emprendimiento y mi residencia son en Ñuble,Itata,Cobquecura,"No, es el único programa al que he postulado",Formalizado,Mi emprendimiento está formalizado ante el SII hace menos de 12 meses y no ha generado ventas,Turismo Norte,Turismo Norte,76000468-6,Sociedad por Acciones (SpA),Turismo,Micro,"Emprendimiento de turismo enfocado en la región de Ñuble, con foco en Cobquecura.",Solución diferenciada en turismo que resuelve un problema local concreto.,Sí,Capital Semilla CORFO,Sí,Porque incorpora un proceso o modelo distinto al existente en la región.,Incremental,Producto,Nacional,Turismo,Duplicar ventas cada 3 años y expandirse a nuevas comunas de la región.,Generación de empleo local y dinamización económica regional.,3,"Paula Flores (fundador/a), a cargo de la estrategia y desarrollo del proyecto.",https://youtu.be/ejemplo36,
2026/07/10 14:19:00,postulante37@ejemplo.cl,Sí,Paula,Martínez,Rojas,10005069-7,1991-02-11,Femenino,postulante37@ejemplo.cl,+56 9 10036667,Mi emprendimiento y mi residencia son en Ñuble,Diguillín,El Carmen,"No, es el único programa al que he postulado",Formalizado,Mi emprendimiento está formalizado ante el SII hace menos de 12 meses y no ha generado ventas,Manufactura Sur,Manufactura Sur,76000481-7,Sociedad de Responsabilidad Limitada (Ltda),Manufactura,Micro,"Emprendimiento de manufactura enfocado en la región de Ñuble, con foco en El Carmen.",Solución diferenciada en manufactura que resuelve un problema local concreto.,No,,Sí,Porque incorpora un proceso o modelo distinto al existente en la región.,Disruptiva,Modelo de negocio,Nacional,Manufactura,Duplicar ventas cada 3 años y expandirse a nuevas comunas de la región.,Generación de empleo local y dinamización económica regional.,1,"Paula Martínez (fundador/a), a cargo de la estrategia y desarrollo del proyecto.",https://youtu.be/ejemplo37,
2026/07/11 15:26:00,postulante38@ejemplo.cl,Sí,Cristóbal,Rojas,Valenzuela,10005206-8,1992-03-12,Masculino,postulante38@ejemplo.cl,+56 9 10037658,Mi emprendimiento y mi residencia son en Ñuble,Punilla,Ñiquén,"No, es el único programa al que he postulado",Idea,"Mi proyecto es solo una idea, me gustaría concretarlo",Agroindustria 活,,,,Agroindustria,Micro,"Emprendimiento de agroindustria enfocado en la región de Ñuble, con foco en Ñiquén.",Solución diferenciada en agroindustria que resuelve un problema local concreto.,No,,Sí,Porque incorpora un proceso o modelo distinto al existente en la región.,Incremental,Modelo de negocio,Regional,Agroindustria,Duplicar ventas cada 3 años y expandirse a nuevas comunas de la región.,Generación de empleo local y dinamización económica regional.,1,"Cristóbal Rojas (fundador/a), a cargo de la estrategia y desarrollo del proyecto.",https://youtu.be/ejemplo38,
2026/07/12 16:33:00,postulante39@ejemplo.cl,Sí,Rodrigo,Sepúlveda,Araya,10005343-9,1993-04-13,Masculino,postulante39@ejemplo.cl,+56 9 10038649,Mi emprendimiento y mi residencia son en Ñuble,Diguillín,San Ignacio,"No, es el único programa al que he postulado",Idea,"Mi proyecto es solo una idea, me gustaría concretarlo",Educación 活,,,,Educación,Micro,"Emprendimiento de educación enfocado en la región de Ñuble, con foco en San Ignacio.",Solución diferenciada en educación que resuelve un problema local concreto.,No,,Sí,Porque incorpora un proceso o modelo distinto al existente en la región.,Marginal,Producto,Internacional,Educación,Duplicar ventas cada 3 años y expandirse a nuevas comunas de la región.,Generación de empleo local y dinamización económica regional.,2,"Rodrigo Sepúlveda (fundador/a), a cargo de la estrategia y desarrollo del proyecto.",https://youtu.be/ejemplo39,
2026/07/13 9:40:00,postulante40@ejemplo.cl,Sí,Carla,Hernández,Martínez,10005480-0,1994-05-14,Femenino,postulante40@ejemplo.cl,+56 9 10039640,Mi emprendimiento y mi residencia son en Ñuble,Diguillín,El Carmen,"No, es el único programa al que he postulado",Formalizado,Mi emprendimiento está formalizado ante el SII hace menos de 12 meses y no ha generado ventas,EnergíaÑuble Bio,EnergíaÑuble Bio,76000520-0,Empresa Individual de Responsabilidad Limitada (EIRL),Energía,Micro,"Emprendimiento de energía enfocado en la región de Ñuble, con foco en El Carmen.",Solución diferenciada en energía que resuelve un problema local concreto.,Sí,Capital Semilla CORFO,Sí,Porque incorpora un proceso o modelo distinto al existente en la región.,Marginal,Modelo de negocio,Regional,Energía,Duplicar ventas cada 3 años y expandirse a nuevas comunas de la región.,Generación de empleo local y dinamización económica regional.,1,"Carla Hernández (fundador/a), a cargo de la estrategia y desarrollo del proyecto.",https://youtu.be/ejemplo40,
2026/07/14 10:47:00,postulante41@ejemplo.cl,Sí,Cristóbal,Torres,Torres,10005617-1,1995-06-15,Masculino,postulante41@ejemplo.cl,+56 9 10040631,Mi emprendimiento y mi residencia son en Ñuble,Diguillín,Bulnes,"No, es el único programa al que he postulado",Idea,"Mi proyecto es solo una idea, me gustaría concretarlo",Tecnología 活,,,,Tecnología,Micro,"Emprendimiento de tecnología enfocado en la región de Ñuble, con foco en Bulnes.",Solución diferenciada en tecnología que resuelve un problema local concreto.,No,,Sí,Porque incorpora un proceso o modelo distinto al existente en la región.,Marginal,Modelo de negocio,Nacional,Tecnología,Duplicar ventas cada 3 años y expandirse a nuevas comunas de la región.,Generación de empleo local y dinamización económica regional.,1,"Cristóbal Torres (fundador/a), a cargo de la estrategia y desarrollo del proyecto.",https://youtu.be/ejemplo41,
2026/07/15 11:54:00,postulante42@ejemplo.cl,Sí,Matías,Morales,Morales,10005754-2,1996-07-16,Masculino,postulante42@ejemplo.cl,+56 9 10041622,Mi emprendimiento y mi residencia son en Ñuble,Diguillín,Chillán,"No, es el único programa al que he postulado",Formalizado,Mi emprendimiento está formalizado ante el SII hace menos de 12 meses y no ha generado ventas,Educación 活,Educación 活,76000546-2,Sociedad de Responsabilidad Limitada (Ltda),Educación,Micro,"Emprendimiento de educación enfocado en la región de Ñuble, con foco en Chillán.",Solución diferenciada en educación que resuelve un problema local concreto.,No,,Sí,Porque incorpora un proceso o modelo distinto al existente en la región.,Disruptiva,Producto,Regional,Educación,Duplicar ventas cada 3 años y expandirse a nuevas comunas de la región.,Generación de empleo local y dinamización económica regional.,2,"Matías Morales (fundador/a), a cargo de la estrategia y desarrollo del proyecto.",https://youtu.be/ejemplo42,
2026/07/16 12:01:00,postulante43@ejemplo.cl,Sí,Felipe,Muñoz,Martínez,10005891-3,1997-08-17,Masculino,postulante43@ejemplo.cl,+56 9 10042613,Mi emprendimiento y mi residencia son en Ñuble,Punilla,Coihueco,"No, es el único programa al que he postulado",Formalizado,Mi emprendimiento está formalizado ante el SII hace menos de 12 meses y no ha generado ventas,Educación Bio,Educación Bio,76000559-3,Empresa Individual de Responsabilidad Limitada (EIRL),Educación,Micro,"Emprendimiento de educación enfocado en la región de Ñuble, con foco en Coihueco.",Solución diferenciada en educación que resuelve un problema local concreto.,Sí,Capital Semilla CORFO,Sí,Porque incorpora un proceso o modelo distinto al existente en la región.,Incremental,Modelo de negocio,Internacional,Educación,Duplicar ventas cada 3 años y expandirse a nuevas comunas de la región.,Generación de empleo local y dinamización económica regional.,2,"Felipe Muñoz (fundador/a), a cargo de la estrategia y desarrollo del proyecto.",https://youtu.be/ejemplo43,
2026/07/17 13:08:00,postulante44@ejemplo.cl,Sí,Ignacio,Flores,Flores,10006028-4,1998-09-18,Masculino,postulante44@ejemplo.cl,+56 9 10043604,Mi emprendimiento y mi residencia son en Ñuble,Punilla,Coihueco,"No, es el único programa al que he postulado",Idea,"Mi proyecto es solo una idea, me gustaría concretarlo",Educación Norte,,,,Educación,Micro,"Emprendimiento de educación enfocado en la región de Ñuble, con foco en Coihueco.",Solución diferenciada en educación que resuelve un problema local concreto.,No,,Sí,Porque incorpora un proceso o modelo distinto al existente en la región.,Incremental,Proceso,Nacional,Educación,Duplicar ventas cada 3 años y expandirse a nuevas comunas de la región.,Generación de empleo local y dinamización económica regional.,1,"Ignacio Flores (fundador/a), a cargo de la estrategia y desarrollo del proyecto.",https://youtu.be/ejemplo44,
2026/07/18 14:15:00,postulante45@ejemplo.cl,Sí,Antonia,Sepúlveda,Sepúlveda,10006165-5,1990-01-10,Femenino,postulante45@ejemplo.cl,+56 9 10044595,Mi emprendimiento y mi residencia son en Ñuble,Diguillín,Pemuco,"No, es el único programa al que he postulado",Idea,"Mi proyecto es solo una idea, me gustaría concretarlo",TurismoÑuble Andes,,,,Turismo,Micro,"Emprendimiento de turismo enfocado en la región de Ñuble, con foco en Pemuco.",Solución diferenciada en turismo que resuelve un problema local concreto.,No,,Sí,Porque incorpora un proceso o modelo distinto al existente en la región.,Disruptiva,Producto,Nacional,Turismo,Duplicar ventas cada 3 años y expandirse a nuevas comunas de la región.,Generación de empleo local y dinamización económica regional.,1,"Antonia Sepúlveda (fundador/a), a cargo de la estrategia y desarrollo del proyecto.",https://youtu.be/ejemplo45,
